first_name,last_name,email,gender,slogan,ip_address
Rutter,Crumbie,rcrumbie0@soundcloud.com,Female,exploit magnetic portals,251.171.57.117
Ardyth,Klimecki,aklimecki1@aol.com,Male,target robust networks,78.144.4.100
Packston,Karpinski,pkarpinski2@hc360.com,Male,syndicate rich deliverables,57.51.222.105
Salem,Darby,sdarby3@google.com.br,Male,benchmark out-of-the-box methodologies,133.76.205.142
Damaris,Eltune,deltune4@blogger.com,Female,transition killer supply-chains,175.171.235.207
Laina,Hinrich,lhinrich5@blog.com,Male,enhance synergistic web-readiness,135.47.253.142
Emilia,Jerzycowski,ejerzycowski6@timesonline.co.uk,Female,facilitate B2C models,116.237.217.226
Flemming,Van der Beek,fvanderbeek7@goo.gl,Female,synergize bricks-and-clicks users,3.102.78.2
Javier,Passfield,jpassfield8@bandcamp.com,Male,implement collaborative ROI,44.87.33.60
Cazzie,Heake,cheake9@moonfruit.com,Female,reinvent dynamic supply-chains,42.30.132.248
Charlotta,Rummings,crummingsa@aboutads.info,Male,orchestrate visionary solutions,205.208.152.88
William,Baumert,wbaumertb@facebook.com,Agender,e-enable user-centric metrics,243.210.103.181
Millie,Ebbetts,mebbettsc@reference.com,Polygender,grow 24/365 architectures,57.18.81.73
Obidiah,Dorie,odoried@t-online.de,Female,syndicate value-added experiences,83.217.91.32
Charita,Scripture,cscripturee@dyndns.org,Female,evolve ubiquitous content,184.162.5.236
Jayme,Izod,jizodf@theguardian.com,Male,optimize customized infrastructures,223.139.51.222
Natal,Gwyneth,ngwynethg@w3.org,Male,empower value-added mindshare,243.26.6.22
Darell,Mouat,dmouath@epa.gov,Female,architect viral users,208.72.89.244
Ursala,Presho,upreshoi@dyndns.org,Female,deliver end-to-end content,93.126.162.235
Codee,Huggan,chugganj@dailymail.co.uk,Male,e-enable leading-edge infrastructures,44.171.171.104
Thalia,Learned,tlearnedk@plala.or.jp,Female,extend dynamic architectures,232.162.193.30
Pren,Aronstam,paronstaml@ibm.com,Female,disintermediate sexy convergence,29.61.234.111
Liliane,Matussov,lmatussovm@jugem.jp,Male,mesh virtual vortals,53.203.65.70
Ebenezer,Clements,eclementsn@nbcnews.com,Non-binary,generate synergistic vortals,205.98.204.20
Donaugh,Cadore,dcadoreo@msu.edu,Female,leverage rich models,219.238.123.253
Thorsten,Fairburn,tfairburnp@paginegialle.it,Female,iterate B2B paradigms,201.208.13.11
Hoebart,Derl,hderlq@chronoengine.com,Male,synergize e-business experiences,35.18.62.5
Winna,Kelcher,wkelcherr@mit.edu,Male,incentivize compelling metrics,104.44.33.25
Virge,Fraine,vfraines@dyndns.org,Genderqueer,enable proactive niches,219.61.199.52
Celia,Greening,cgreeningt@squidoo.com,Male,scale plug-and-play schemas,184.172.9.188
Jan,Strevens,jstrevensu@upenn.edu,Male,incubate clicks-and-mortar bandwidth,183.178.43.175
Hervey,Toy,htoyv@si.edu,Female,integrate out-of-the-box web services,8.155.99.218
Eve,Purveys,epurveysw@amazon.co.jp,Female,maximize bricks-and-clicks experiences,200.81.140.162
Brewster,Piddock,bpiddockx@wikia.com,Non-binary,redefine extensible supply-chains,152.2.245.80
Corabella,Spykings,cspykingsy@barnesandnoble.com,Female,seize intuitive action-items,171.222.223.81
Wolfie,Pembridge,wpembridgez@csmonitor.com,Bigender,streamline B2B bandwidth,113.13.39.23
Karlan,Richold,krichold10@ezinearticles.com,Non-binary,evolve B2B infrastructures,141.245.13.249
Paulita,Carlick,pcarlick11@washington.edu,Female,disintermediate leading-edge e-services,200.234.197.59
Wenda,Toleman,wtoleman12@sciencedaily.com,Male,visualize impactful solutions,58.155.187.61
Elden,Varian,evarian13@ed.gov,Female,architect granular convergence,165.240.254.9
Aubrey,Gallemore,agallemore14@lulu.com,Male,target integrated synergies,162.250.29.189
Minna,Hatherley,mhatherley15@apache.org,Female,enable user-centric platforms,108.205.174.206
Romy,Doddrell,rdoddrell16@smh.com.au,Male,deliver web-enabled metrics,99.33.249.220
Ferguson,Dumingo,fdumingo17@nifty.com,Female,leverage user-centric mindshare,7.110.98.106
Alfonse,Baynard,abaynard18@themeforest.net,Male,matrix turn-key convergence,97.131.95.186
Dukie,Hillatt,dhillatt19@opera.com,Female,architect out-of-the-box markets,175.91.247.148
Casey,Ebbles,cebbles1a@umich.edu,Genderqueer,orchestrate strategic experiences,180.217.112.162
Martica,Cockell,mcockell1b@stanford.edu,Male,synthesize synergistic channels,79.81.166.35
Kristal,Newlove,knewlove1c@shutterfly.com,Male,matrix dynamic interfaces,170.21.142.30
Griff,Drohun,gdrohun1d@berkeley.edu,Agender,target compelling supply-chains,122.147.121.46
Ezekiel,Cassel,ecassel1e@house.gov,Female,incubate real-time bandwidth,228.74.8.98
Karin,Roalfe,kroalfe1f@washington.edu,Female,morph holistic ROI,159.139.81.28
Cairistiona,McLane,cmclane1g@twitpic.com,Female,deploy end-to-end web-readiness,78.71.20.140
Faythe,Laingmaid,flaingmaid1h@bbc.co.uk,Bigender,target transparent initiatives,92.181.100.103
Haily,Echallier,hechallier1i@theguardian.com,Female,leverage proactive experiences,148.62.17.196
Silvester,Gwyn,sgwyn1j@nationalgeographic.com,Female,aggregate robust ROI,101.201.43.45
Antonio,Forrestill,aforrestill1k@sciencedaily.com,Female,transition 24/7 technologies,18.103.176.32
Stanly,Murfin,smurfin1l@360.cn,Female,enable intuitive architectures,3.99.157.61
Bruce,Limbrick,blimbrick1m@japanpost.jp,Female,deliver mission-critical systems,51.181.69.210
Paolo,Maypes,pmaypes1n@answers.com,Female,brand clicks-and-mortar channels,197.36.80.55
Weider,Stitt,wstitt1o@networksolutions.com,Male,streamline efficient e-markets,41.215.101.240
Cos,Funcheon,cfuncheon1p@meetup.com,Female,architect end-to-end infomediaries,123.246.133.0
Dominic,Budnk,dbudnk1q@github.io,Male,unleash wireless infrastructures,128.251.61.178
Shannon,Powis,spowis1r@google.com.hk,Male,orchestrate plug-and-play systems,97.98.91.49
Xaviera,Dowley,xdowley1s@usatoday.com,Female,syndicate virtual networks,26.115.62.240
Megan,Mayoral,mmayoral1t@is.gd,Female,generate 24/365 markets,198.247.157.128
Hamish,Wimbridge,hwimbridge1u@spotify.com,Agender,cultivate proactive schemas,138.70.220.58
Euphemia,Nowak,enowak1v@admin.ch,Male,reinvent cross-platform communities,143.31.245.119
Stormy,Scotfurth,sscotfurth1w@blog.com,Male,transition turn-key relationships,44.230.57.52
Bobbie,Lacroix,blacroix1x@jiathis.com,Female,integrate 24/7 e-commerce,174.187.152.205
Issiah,Fenne,ifenne1y@simplemachines.org,Male,streamline frictionless channels,9.151.160.34
Mallory,Maffia,mmaffia1z@amazon.com,Bigender,integrate synergistic initiatives,85.213.23.196
Garret,Babar,gbabar20@irs.gov,Female,seize extensible portals,7.150.176.13
Ashbey,Swannell,aswannell21@hexun.com,Female,empower interactive synergies,150.41.179.223
Mira,Aspinal,maspinal22@noaa.gov,Male,repurpose extensible methodologies,100.226.153.108
Marty,Rigden,mrigden23@fema.gov,Female,redefine holistic e-business,189.227.155.143
Clive,Alfwy,calfwy24@princeton.edu,Male,e-enable magnetic solutions,75.154.180.250
Sly,Stollberger,sstollberger25@devhub.com,Male,morph open-source supply-chains,230.202.0.74
Paolo,Greedier,pgreedier26@chronoengine.com,Non-binary,exploit integrated paradigms,249.206.98.106
Jacobo,Kleinhandler,jkleinhandler27@skyrock.com,Male,utilize customized synergies,63.167.239.166
Judas,Eannetta,jeannetta28@google.de,Male,recontextualize mission-critical functionalities,187.240.2.133
Hewie,Duplock,hduplock29@domainmarket.com,Female,transform seamless systems,86.205.163.52
Lissie,Farnham,lfarnham2a@photobucket.com,Female,unleash viral users,147.156.143.176
Tania,Sharvill,tsharvill2b@ftc.gov,Female,deliver value-added methodologies,133.234.83.112
Jenna,Dimanche,jdimanche2c@angelfire.com,Male,incentivize leading-edge content,150.80.75.185
Esme,Haddeston,ehaddeston2d@baidu.com,Male,architect rich ROI,106.222.79.131
Leonanie,Hatherleigh,lhatherleigh2e@who.int,Male,whiteboard bleeding-edge mindshare,45.252.197.37
Kort,Farr,kfarr2f@oaic.gov.au,Male,repurpose strategic vortals,135.177.105.233
Fifine,Cuningham,fcuningham2g@prlog.org,Male,transition value-added experiences,51.162.78.106
Lettie,Carrett,lcarrett2h@tripod.com,Female,extend integrated methodologies,27.34.159.154
Flo,Westgarth,fwestgarth2i@mapquest.com,Male,optimize back-end networks,23.57.134.95
Donny,Sparhawk,dsparhawk2j@go.com,Female,redefine scalable relationships,46.2.236.119
Trueman,Tennick,ttennick2k@csmonitor.com,Male,expedite seamless architectures,191.124.12.104
Gratiana,Croser,gcroser2l@china.com.cn,Female,leverage end-to-end networks,228.223.28.12
Jennette,Gonthier,jgonthier2m@blogspot.com,Female,maximize compelling functionalities,36.131.98.96
Sandye,Drust,sdrust2n@aboutads.info,Male,transform mission-critical communities,49.17.176.41
Merrie,Blainey,mblainey2o@google.it,Female,target granular interfaces,201.200.196.51
Blanca,Trodden,btrodden2p@hexun.com,Male,target killer ROI,199.27.144.60
Frieda,Hearons,fhearons2q@godaddy.com,Female,architect robust e-commerce,95.114.186.223
Abby,Simonite,asimonite2r@dailymail.co.uk,Male,implement robust metrics,33.59.88.46
Hilary,Will,hwill2s@webs.com,Male,target holistic action-items,63.250.244.157
Elana,Tye,etye2t@google.co.jp,Male,envisioneer open-source experiences,97.7.119.232
Odilia,Gonet,ogonet2u@posterous.com,Male,redefine mission-critical functionalities,145.156.255.205
Myrilla,McKellar,mmckellar2v@boston.com,Male,enable clicks-and-mortar solutions,148.212.199.165
Viola,Brabender,vbrabender2w@kickstarter.com,Female,productize ubiquitous paradigms,64.70.12.89
Gregor,Hicks,ghicks2x@eventbrite.com,Female,integrate interactive e-tailers,33.249.230.181
Elmo,Hayes,ehayes2y@blinklist.com,Male,exploit visionary infrastructures,21.87.69.223
Reynard,Battleson,rbattleson2z@discovery.com,Female,transform wireless platforms,55.191.93.226
Genvieve,Adamsson,gadamsson30@delicious.com,Female,empower robust e-business,37.35.195.105
Vinnie,Goozee,vgoozee31@rediff.com,Male,leverage intuitive users,149.108.90.134
Jennilee,Morando,jmorando32@smugmug.com,Female,disintermediate turn-key action-items,38.201.107.174
Alexa,Haile,ahaile33@hostgator.com,Male,syndicate mission-critical bandwidth,23.172.149.112
Rock,Saffen,rsaffen34@imgur.com,Male,expedite leading-edge infrastructures,176.223.108.62
Arabela,Errichelli,aerrichelli35@epa.gov,Male,reintermediate wireless portals,238.32.222.17
Alison,Dingate,adingate36@spotify.com,Bigender,engage transparent web-readiness,35.189.140.18
Augy,Lode,alode37@digg.com,Female,optimize one-to-one e-markets,229.99.3.18
Mace,Joye,mjoye38@phpbb.com,Male,engineer bricks-and-clicks vortals,195.131.234.118
Bobina,Knight,bknight39@state.tx.us,Male,grow dynamic e-services,97.37.46.233
Mara,Stait,mstait3a@cpanel.net,Male,facilitate granular technologies,217.6.2.75
Berti,Olufsen,bolufsen3b@hp.com,Male,enhance real-time functionalities,140.46.69.89
Jamesy,Bockin,jbockin3c@gizmodo.com,Male,engage customized deliverables,175.116.128.140
Rubie,Kneafsey,rkneafsey3d@cornell.edu,Female,recontextualize strategic e-commerce,54.46.37.13
Bryant,Delany,bdelany3e@i2i.jp,Female,recontextualize global architectures,10.22.95.103
Robbin,Keep,rkeep3f@meetup.com,Male,transition transparent portals,54.19.11.139
Terza,Fullwood,tfullwood3g@dot.gov,Female,evolve rich functionalities,96.199.243.152
Kendall,Lorente,klorente3h@deliciousdays.com,Male,e-enable clicks-and-mortar architectures,116.17.18.235
Siffre,Sadgrove,ssadgrove3i@theatlantic.com,Male,empower wireless technologies,89.66.18.232
Creight,Losel,closel3j@shutterfly.com,Female,disintermediate collaborative supply-chains,222.169.195.180
Codee,Allner,callner3k@lulu.com,Female,integrate holistic models,109.209.36.216
Ileana,Beardsworth,ibeardsworth3l@comsenz.com,Female,incentivize wireless metrics,65.62.41.115
Dominick,Larby,dlarby3m@mlb.com,Male,redefine next-generation channels,185.75.122.61
Mae,Tour,mtour3n@princeton.edu,Female,engage global methodologies,233.227.145.4
Urban,Morshead,umorshead3o@marketwatch.com,Female,drive innovative initiatives,202.34.255.114
Gianni,Puckrin,gpuckrin3p@forbes.com,Male,deliver 24/365 functionalities,231.100.243.224
Barbi,Seeney,bseeney3q@free.fr,Female,reinvent 24/365 technologies,63.171.11.206
Borden,Mallaby,bmallaby3r@cyberchimps.com,Male,reintermediate dot-com content,122.4.239.98
Uriel,Youthed,uyouthed3s@cbslocal.com,Female,visualize enterprise web-readiness,242.14.15.137
Beatrice,Siddens,bsiddens3t@google.ca,Female,strategize viral e-services,216.56.12.18
Roderic,Illing,rilling3u@shareasale.com,Male,leverage impactful methodologies,43.202.111.89
Reider,Boydon,rboydon3v@forbes.com,Male,optimize collaborative content,151.152.128.76
Lisle,Tilney,ltilney3w@moonfruit.com,Female,deploy rich markets,41.36.25.254
Akim,Danielis,adanielis3x@adobe.com,Polygender,e-enable sexy channels,246.176.163.124
Catha,Bachura,cbachura3y@weather.com,Female,incentivize customized web services,33.163.225.20
Guido,Culmer,gculmer3z@fc2.com,Female,utilize efficient e-tailers,129.255.254.102
Haslett,Ogborn,hogborn40@sun.com,Female,utilize magnetic schemas,0.80.44.16
Tod,Lancett,tlancett41@scribd.com,Female,redefine 24/7 users,84.199.37.55
Barbe,Champley,bchampley42@mail.ru,Male,cultivate cutting-edge functionalities,197.69.232.41
Collen,Bakhrushin,cbakhrushin43@ucoz.ru,Female,syndicate best-of-breed initiatives,114.174.40.245
Kay,Braunston,kbraunston44@opera.com,Male,repurpose dynamic methodologies,234.167.198.210
Sully,Whorton,swhorton45@google.it,Male,syndicate end-to-end content,242.113.34.134
Thomasina,Bassom,tbassom46@skyrock.com,Female,drive proactive functionalities,93.173.60.239
Arlina,Binding,abinding47@mediafire.com,Female,extend compelling supply-chains,26.31.210.62
Colver,Yitzovitz,cyitzovitz48@apple.com,Male,aggregate transparent systems,235.171.186.187
Grenville,Killelea,gkillelea49@blogs.com,Male,facilitate plug-and-play e-tailers,174.213.43.250
Rafa,Kemme,rkemme4a@icio.us,Female,iterate customized e-commerce,87.218.72.251
Micky,Maytum,mmaytum4b@marketwatch.com,Genderqueer,exploit user-centric infrastructures,217.237.161.71
Burk,Loudwell,bloudwell4c@topsy.com,Female,grow integrated communities,8.161.71.76
Marigold,Coplestone,mcoplestone4d@histats.com,Female,mesh 24/7 niches,75.227.142.162
Myer,Organ,morgan4e@elegantthemes.com,Male,whiteboard e-business content,252.127.186.205
Madeleine,Welbeck,mwelbeck4f@thetimes.co.uk,Female,transform 24/365 e-markets,45.201.38.233
Georgetta,Paudin,gpaudin4g@linkedin.com,Male,synergize intuitive channels,56.43.27.88
Jorry,Lagadu,jlagadu4h@surveymonkey.com,Male,whiteboard synergistic niches,81.235.241.134
Shari,Laurenson,slaurenson4i@ovh.net,Female,benchmark seamless ROI,207.124.16.35
Emlen,Dymick,edymick4j@360.cn,Male,benchmark mission-critical e-business,119.121.47.198
Neil,Rosenshine,nrosenshine4k@wired.com,Female,visualize integrated technologies,128.231.214.228
Carolynn,Nutbean,cnutbean4l@devhub.com,Genderqueer,transform plug-and-play synergies,98.119.155.138
Burnard,Dietz,bdietz4m@ow.ly,Male,transition back-end methodologies,196.0.170.105
Jeannette,Gabbotts,jgabbotts4n@wired.com,Male,leverage leading-edge niches,191.67.44.53
Onfroi,Poundsford,opoundsford4o@globo.com,Female,deploy rich experiences,113.50.7.245
Lorrayne,Covotto,lcovotto4p@tripadvisor.com,Female,repurpose vertical synergies,36.42.108.240
Annora,Inman,ainman4q@surveymonkey.com,Female,harness cross-platform e-markets,38.179.206.143
Cooper,Roston,croston4r@xrea.com,Female,optimize extensible experiences,172.120.189.14
Larisa,Belamy,lbelamy4s@google.cn,Male,enable synergistic paradigms,188.86.221.55
Emmye,Harefoot,eharefoot4t@state.gov,Male,target scalable web services,172.238.25.209
Ayn,Dyer,adyer4u@cafepress.com,Female,orchestrate proactive markets,39.153.164.64
Ashien,Ricson,aricson4v@nature.com,Female,synergize one-to-one channels,127.139.176.84
Dorothee,Pharrow,dpharrow4w@techcrunch.com,Male,enable innovative convergence,171.213.251.142
Aline,Pessold,apessold4x@myspace.com,Genderfluid,transition B2B infomediaries,74.126.202.30
Annetta,Phetteplace,aphetteplace4y@geocities.com,Female,target ubiquitous infrastructures,203.72.14.131
Rory,Southerton,rsoutherton4z@prweb.com,Female,seize 24/7 e-commerce,86.192.166.169
Grace,Clyne,gclyne50@craigslist.org,Male,innovate revolutionary technologies,105.241.17.239
Fernandina,Klimkowski,fklimkowski51@a8.net,Female,reintermediate transparent architectures,142.58.185.187
Antonius,Caruth,acaruth52@phpbb.com,Female,empower 24/7 paradigms,39.236.23.2
Kerianne,Reicharz,kreicharz53@nba.com,Female,productize value-added users,214.174.244.215
Isa,Linacre,ilinacre54@pcworld.com,Female,transition magnetic applications,231.109.252.189
Joshua,Whether,jwhether55@msu.edu,Male,monetize global models,246.10.11.5
Maggie,Irwin,mirwin56@mysql.com,Female,deploy bricks-and-clicks deliverables,140.50.38.36
Abel,Sturdgess,asturdgess57@jigsy.com,Male,whiteboard robust e-services,13.230.73.190
Jenelle,Schiesterl,jschiesterl58@alexa.com,Female,generate plug-and-play vortals,144.110.102.165
Leena,MacAlroy,lmacalroy59@slashdot.org,Male,target dot-com initiatives,92.41.136.145
Gideon,Spatoni,gspatoni5a@tinyurl.com,Female,engage global vortals,205.216.7.125
Mariam,Brettel,mbrettel5b@tinypic.com,Bigender,optimize rich schemas,16.109.64.2
Rochette,Barneveld,rbarneveld5c@w3.org,Genderfluid,synergize dot-com systems,22.197.186.185
Ruthanne,Schuchmacher,rschuchmacher5d@blogtalkradio.com,Female,aggregate leading-edge e-markets,132.241.62.136
Simeon,Dumbreck,sdumbreck5e@cornell.edu,Male,recontextualize real-time mindshare,128.96.246.238
Jarid,Pepin,jpepin5f@themeforest.net,Female,utilize killer models,136.143.138.88
Brion,Erlam,berlam5g@seesaa.net,Male,deliver proactive users,18.85.27.75
Alair,Karpenko,akarpenko5h@bing.com,Male,extend best-of-breed platforms,92.180.184.162
Angie,Huckfield,ahuckfield5i@moonfruit.com,Female,unleash synergistic web-readiness,180.30.193.162
Ilene,Boone,iboone5j@tiny.cc,Female,seize global web-readiness,140.34.134.176
Nannie,Braitling,nbraitling5k@freewebs.com,Female,generate integrated infomediaries,30.131.94.39
Damiano,Kasparski,dkasparski5l@qq.com,Male,enhance real-time schemas,68.173.205.150
Angelina,Peterkin,apeterkin5m@de.vu,Polygender,e-enable seamless users,137.103.165.128
Tobiah,Rydings,trydings5n@cam.ac.uk,Female,leverage impactful applications,134.27.119.235
Billi,MacNucator,bmacnucator5o@e-recht24.de,Female,reinvent rich infrastructures,5.77.98.73
Bucky,Avard,bavard5p@army.mil,Male,incubate extensible partnerships,116.136.15.76
Sibyl,Jeffress,sjeffress5q@elpais.com,Male,generate bricks-and-clicks synergies,106.118.76.98
Seamus,Danaher,sdanaher5r@sohu.com,Female,recontextualize interactive ROI,51.175.189.158
Bambie,Aysh,baysh5s@deviantart.com,Female,reinvent plug-and-play paradigms,13.111.231.183
Neron,Sambrok,nsambrok5t@sogou.com,Male,target front-end infrastructures,182.136.193.71
Athena,Beaven,abeaven5u@virginia.edu,Male,deploy virtual content,20.97.77.113
Averill,Ralling,aralling5v@sfgate.com,Male,reintermediate magnetic mindshare,100.232.126.205
Jemima,Runciman,jrunciman5w@wsj.com,Male,drive B2B portals,237.231.119.197
Garreth,Sherbourne,gsherbourne5x@ucsd.edu,Female,mesh holistic mindshare,164.115.87.227
Melvyn,Willimot,mwillimot5y@topsy.com,Male,transition plug-and-play e-services,230.240.208.140
Berna,Jantet,bjantet5z@tripod.com,Male,maximize integrated e-services,95.250.245.134
Marys,Sirkett,msirkett60@free.fr,Female,facilitate end-to-end ROI,207.121.211.159
Rakel,Flea,rflea61@globo.com,Female,productize customized bandwidth,37.158.193.217
Harmonia,Latey,hlatey62@slate.com,Male,syndicate proactive portals,255.107.248.242
Sharron,Doreward,sdoreward63@sun.com,Polygender,whiteboard innovative e-commerce,46.47.94.59
Vernen,Wycherley,vwycherley64@plala.or.jp,Male,syndicate open-source e-business,59.137.16.72
Lanny,Pamment,lpamment65@answers.com,Male,evolve vertical paradigms,23.65.161.135
Murry,Scopes,mscopes66@go.com,Male,benchmark open-source initiatives,81.244.202.220
Anson,Last,alast67@boston.com,Female,leverage extensible applications,51.95.124.85
Brandais,McCrillis,bmccrillis68@ihg.com,Female,deploy out-of-the-box communities,33.196.204.175
Thomasine,Tripony,ttripony69@privacy.gov.au,Female,implement robust channels,41.108.17.52
Bartholomew,Kirton,bkirton6a@google.cn,Female,recontextualize integrated schemas,155.134.61.175
Reeba,Tremayle,rtremayle6b@cocolog-nifty.com,Female,facilitate intuitive users,159.92.36.0
Gusella,Pittway,gpittway6c@tiny.cc,Female,deliver transparent networks,184.240.87.167
Adelina,Braker,abraker6d@cbslocal.com,Female,utilize extensible methodologies,88.66.99.138
Luciana,Gruszka,lgruszka6e@simplemachines.org,Male,embrace real-time infrastructures,71.16.120.72
Roderick,Quye,rquye6f@fda.gov,Female,recontextualize enterprise synergies,52.160.47.97
Shana,Croft,scroft6g@arstechnica.com,Female,target back-end architectures,70.164.17.173
Rozina,Llewelly,rllewelly6h@imgur.com,Female,streamline global portals,110.252.227.136
Myrta,Ramos,mramos6i@indiatimes.com,Female,architect back-end channels,209.208.137.15
Isaiah,Hampe,ihampe6j@example.com,Female,facilitate cross-platform users,151.16.222.117
Pembroke,Petit,ppetit6k@msu.edu,Male,synthesize best-of-breed markets,212.58.223.105
Jocelyne,Blemen,jblemen6l@tiny.cc,Female,facilitate seamless partnerships,30.158.246.189
Burgess,Sackler,bsackler6m@gov.uk,Genderfluid,matrix plug-and-play solutions,39.94.55.255
Gavra,Croizier,gcroizier6n@360.cn,Male,visualize strategic metrics,151.57.58.216
Cyrus,Weight,cweight6o@discovery.com,Female,synthesize virtual technologies,23.41.66.232
Billye,Aps,baps6p@csmonitor.com,Male,benchmark bricks-and-clicks platforms,135.14.77.202
Natala,Mix,nmix6q@prweb.com,Male,redefine cross-media users,69.201.129.77
Margaretha,Dowe,mdowe6r@virginia.edu,Male,iterate granular applications,82.141.140.32
Rayshell,Oley,roley6s@auda.org.au,Male,cultivate magnetic metrics,131.97.208.131
Karly,Child,kchild6t@symantec.com,Female,utilize revolutionary synergies,18.187.245.157
Doti,McTiernan,dmctiernan6u@lycos.com,Female,unleash synergistic platforms,221.191.210.216
Ruben,Von Hindenburg,rvonhindenburg6v@buzzfeed.com,Agender,generate turn-key action-items,29.175.50.250
Iris,Henstridge,ihenstridge6w@taobao.com,Male,expedite collaborative ROI,55.139.5.244
Dorthy,Buck,dbuck6x@phoca.cz,Male,iterate dynamic action-items,247.195.37.136
